{
  "frames": [
    {
      "filename": "Idle (1).png",
      "frame": { "x": 0, "y": 0, "w": 93, "h": 64 },
      "rotated": false,
      "trimmed": false,
      "spriteSourceSize": { "x": 0, "y": 0, "w": 93, "h": 64 },
      "sourceSize": { "w": 93, "h": 64 }
    },
    {
      "filename": "Idle (2).png",
      "frame": { "x": 93, "y": 0, "w": 93, "h": 64 },
      "rotated": false,
      "trimmed": false,
      "spriteSourceSize": { "x": 0, "y": 0, "w": 93, "h": 64 },
      "sourceSize": { "w": 93, "h": 64 }
    },
    {
      "filename": "Idle (3).png",
      "frame": { "x": 186, "y": 0, "w": 93, "h": 64 },
      "rotated": false,
      "trimmed": false,
      "spriteSourceSize": { "x": 0, "y": 0, "w": 93, "h": 64 },
      "sourceSize": { "w": 93, "h": 64 }
    },
    {
      "filename": "Idle (4).png",
      "frame": { "x": 279, "y": 0, "w": 93, "h": 64 },
      "rotated": false,
      "trimmed": false,
      "spriteSourceSize": { "x": 0, "y": 0, "w": 93, "h": 64 },
      "sourceSize": { "w": 93, "h": 64 }
    },
    {
      "filename": "Idle (5).png",
      "frame": { "x": 372, "y": 0, "w": 93, "h": 64 },
      "rotated": false,
      "trimmed": false,
      "spriteSourceSize": { "x": 0, "y": 0, "w": 93, "h": 64 },
      "sourceSize": { "w": 93, "h": 64 }
    },
    {
      "filename": "Idle (6).png",
      "frame": { "x": 465, "y": 0, "w": 93, "h": 64 },
      "rotated": false,
      "trimmed": false,
      "spriteSourceSize": { "x": 0, "y": 0, "w": 93, "h": 64 },
      "sourceSize": { "w": 93, "h": 64 }
    },
    {
      "filename": "Idle (7).png",
      "frame": { "x": 558, "y": 0, "w": 93, "h": 64 },
      "rotated": false,
      "trimmed": false,
      "spriteSourceSize": { "x": 0, "y": 0, "w": 93, "h": 64 },
      "sourceSize": { "w": 93, "h": 64 }
    },
    {
      "filename": "Idle (8).png",
      "frame": { "x": 651, "y": 0, "w": 93, "h": 64 },
      "rotated": false,
      "trimmed": false,
      "spriteSourceSize": { "x": 0, "y": 0, "w": 93, "h": 64 },
      "sourceSize": { "w": 93, "h": 64 }
    },
    {
      "filename": "Idle (9).png",
      "frame": { "x": 744, "y": 0, "w": 93, "h": 64 },
      "rotated": false,
      "trimmed": false,
      "spriteSourceSize": { "x": 0, "y": 0, "w": 93, "h": 64 },
      "sourceSize": { "w": 93, "h": 64 }
    },
    {
      "filename": "Idle (10).png",
      "frame": { "x": 837, "y": 0, "w": 93, "h": 64 },
      "rotated": false,
      "trimmed": false,
      "spriteSourceSize": { "x": 0, "y": 0, "w": 93, "h": 64 },
      "sourceSize": { "w": 93, "h": 64 }
    },
    {
      "filename": "Idle (11).png",
      "frame": { "x": 930, "y": 0, "w": 93, "h": 64 },
      "rotated": false,
      "trimmed": false,
      "spriteSourceSize": { "x": 0, "y": 0, "w": 93, "h": 64 },
      "sourceSize": { "w": 93, "h": 64 }
    },
    {
      "filename": "Idle (12).png",
      "frame": { "x": 1023, "y": 0, "w": 93, "h": 64 },
      "rotated": false,
      "trimmed": false,
      "spriteSourceSize": { "x": 0, "y": 0, "w": 93, "h": 64 },
      "sourceSize": { "w": 93, "h": 64 }
    },
    {
      "filename": "Idle (13).png",
      "frame": { "x": 1116, "y": 0, "w": 93, "h": 64 },
      "rotated": false,
      "trimmed": false,
      "spriteSourceSize": { "x": 0, "y": 0, "w": 93, "h": 64 },
      "sourceSize": { "w": 93, "h": 64 }
    },
    {
      "filename": "Idle (14).png",
      "frame": { "x": 1209, "y": 0, "w": 93, "h": 64 },
      "rotated": false,
      "trimmed": false,
      "spriteSourceSize": { "x": 0, "y": 0, "w": 93, "h": 64 },
      "sourceSize": { "w": 93, "h": 64 }
    },
    {
      "filename": "Idle (15).png",
      "frame": { "x": 1302, "y": 0, "w": 93, "h": 64 },
      "rotated": false,
      "trimmed": false,
      "spriteSourceSize": { "x": 0, "y": 0, "w": 93, "h": 64 },
      "sourceSize": { "w": 93, "h": 64 }
    },
    {
      "filename": "Idle (16).png",
      "frame": { "x": 1395, "y": 0, "w": 93, "h": 64 },
      "rotated": false,
      "trimmed": false,
      "spriteSourceSize": { "x": 0, "y": 0, "w": 93, "h": 64 },
      "sourceSize": { "w": 93, "h": 64 }
    },
    {
      "filename": "Jump (1).png",
      "frame": { "x": 1488, "y": 0, "w": 93, "h": 64 },
      "rotated": false,
      "trimmed": false,
      "spriteSourceSize": { "x": 0, "y": 0, "w": 93, "h": 64 },
      "sourceSize": { "w": 93, "h": 64 }
    },
    {
      "filename": "Jump (2).png",
      "frame": { "x": 1581, "y": 0, "w": 93, "h": 64 },
      "rotated": false,
      "trimmed": false,
      "spriteSourceSize": { "x": 0, "y": 0, "w": 93, "h": 64 },
      "sourceSize": { "w": 93, "h": 64 }
    },
    {
      "filename": "Jump (3).png",
      "frame": { "x": 1674, "y": 0, "w": 93, "h": 64 },
      "rotated": false,
      "trimmed": false,
      "spriteSourceSize": { "x": 0, "y": 0, "w": 93, "h": 64 },
      "sourceSize": { "w": 93, "h": 64 }
    },
    {
      "filename": "Jump (4).png",
      "frame": { "x": 1767, "y": 0, "w": 93, "h": 64 },
      "rotated": false,
      "trimmed": false,
      "spriteSourceSize": { "x": 0, "y": 0, "w": 93, "h": 64 },
      "sourceSize": { "w": 93, "h": 64 }
    },
    {
      "filename": "Jump (5).png",
      "frame": { "x": 1860, "y": 0, "w": 93, "h": 64 },
      "rotated": false,
      "trimmed": false,
      "spriteSourceSize": { "x": 0, "y": 0, "w": 93, "h": 64 },
      "sourceSize": { "w": 93, "h": 64 }
    },
    {
      "filename": "Jump (6).png",
      "frame": { "x": 1953, "y": 0, "w": 93, "h": 64 },
      "rotated": false,
      "trimmed": false,
      "spriteSourceSize": { "x": 0, "y": 0, "w": 93, "h": 64 },
      "sourceSize": { "w": 93, "h": 64 }
    },
    {
      "filename": "Jump (7).png",
      "frame": { "x": 0, "y": 64, "w": 93, "h": 64 },
      "rotated": false,
      "trimmed": false,
      "spriteSourceSize": { "x": 0, "y": 0, "w": 93, "h": 64 },
      "sourceSize": { "w": 93, "h": 64 }
    },
    {
      "filename": "Jump (8).png",
      "frame": { "x": 93, "y": 64, "w": 93, "h": 64 },
      "rotated": false,
      "trimmed": false,
      "spriteSourceSize": { "x": 0, "y": 0, "w": 93, "h": 64 },
      "sourceSize": { "w": 93, "h": 64 }
    },
    {
      "filename": "Jump (9).png",
      "frame": { "x": 186, "y": 64, "w": 93, "h": 64 },
      "rotated": false,
      "trimmed": false,
      "spriteSourceSize": { "x": 0, "y": 0, "w": 93, "h": 64 },
      "sourceSize": { "w": 93, "h": 64 }
    },
    {
      "filename": "Jump (10).png",
      "frame": { "x": 279, "y": 64, "w": 93, "h": 64 },
      "rotated": false,
      "trimmed": false,
      "spriteSourceSize": { "x": 0, "y": 0, "w": 93, "h": 64 },
      "sourceSize": { "w": 93, "h": 64 }
    },
    {
      "filename": "Jump (11).png",
      "frame": { "x": 372, "y": 64, "w": 93, "h": 64 },
      "rotated": false,
      "trimmed": false,
      "spriteSourceSize": { "x": 0, "y": 0, "w": 93, "h": 64 },
      "sourceSize": { "w": 93, "h": 64 }
    },
    {
      "filename": "Jump (12).png",
      "frame": { "x": 465, "y": 64, "w": 93, "h": 64 },
      "rotated": false,
      "trimmed": false,
      "spriteSourceSize": { "x": 0, "y": 0, "w": 93, "h": 64 },
      "sourceSize": { "w": 93, "h": 64 }
    },
    {
      "filename": "Jump (13).png",
      "frame": { "x": 558, "y": 64, "w": 93, "h": 64 },
      "rotated": false,
      "trimmed": false,
      "spriteSourceSize": { "x": 0, "y": 0, "w": 93, "h": 64 },
      "sourceSize": { "w": 93, "h": 64 }
    },
    {
      "filename": "Jump (14).png",
      "frame": { "x": 651, "y": 64, "w": 93, "h": 64 },
      "rotated": false,
      "trimmed": false,
      "spriteSourceSize": { "x": 0, "y": 0, "w": 93, "h": 64 },
      "sourceSize": { "w": 93, "h": 64 }
    },
    {
      "filename": "Jump (15).png",
      "frame": { "x": 744, "y": 64, "w": 93, "h": 64 },
      "rotated": false,
      "trimmed": false,
      "spriteSourceSize": { "x": 0, "y": 0, "w": 93, "h": 64 },
      "sourceSize": { "w": 93, "h": 64 }
    },
    {
      "filename": "Jump (16).png",
      "frame": { "x": 837, "y": 64, "w": 93, "h": 64 },
      "rotated": false,
      "trimmed": false,
      "spriteSourceSize": { "x": 0, "y": 0, "w": 93, "h": 64 },
      "sourceSize": { "w": 93, "h": 64 }
    },
    {
      "filename": "Run (1).png",
      "frame": { "x": 930, "y": 64, "w": 93, "h": 64 },
      "rotated": false,
      "trimmed": false,
      "spriteSourceSize": { "x": 0, "y": 0, "w": 93, "h": 64 },
      "sourceSize": { "w": 93, "h": 64 }
    },
    {
      "filename": "Run (2).png",
      "frame": { "x": 1023, "y": 64, "w": 93, "h": 64 },
      "rotated": false,
      "trimmed": false,
      "spriteSourceSize": { "x": 0, "y": 0, "w": 93, "h": 64 },
      "sourceSize": { "w": 93, "h": 64 }
    },
    {
      "filename": "Run (3).png",
      "frame": { "x": 1116, "y": 64, "w": 93, "h": 64 },
      "rotated": false,
      "trimmed": false,
      "spriteSourceSize": { "x": 0, "y": 0, "w": 93, "h": 64 },
      "sourceSize": { "w": 93, "h": 64 }
    },
    {
      "filename": "Run (4).png",
      "frame": { "x": 1209, "y": 64, "w": 93, "h": 64 },
      "rotated": false,
      "trimmed": false,
      "spriteSourceSize": { "x": 0, "y": 0, "w": 93, "h": 64 },
      "sourceSize": { "w": 93, "h": 64 }
    },
    {
      "filename": "Run (5).png",
      "frame": { "x": 1302, "y": 64, "w": 93, "h": 64 },
      "rotated": false,
      "trimmed": false,
      "spriteSourceSize": { "x": 0, "y": 0, "w": 93, "h": 64 },
      "sourceSize": { "w": 93, "h": 64 }
    },
    {
      "filename": "Run (6).png",
      "frame": { "x": 1395, "y": 64, "w": 93, "h": 64 },
      "rotated": false,
      "trimmed": false,
      "spriteSourceSize": { "x": 0, "y": 0, "w": 93, "h": 64 },
      "sourceSize": { "w": 93, "h": 64 }
    },
    {
      "filename": "Run (7).png",
      "frame": { "x": 1488, "y": 64, "w": 93, "h": 64 },
      "rotated": false,
      "trimmed": false,
      "spriteSourceSize": { "x": 0, "y": 0, "w": 93, "h": 64 },
      "sourceSize": { "w": 93, "h": 64 }
    },
    {
      "filename": "Run (8).png",
      "frame": { "x": 1581, "y": 64, "w": 93, "h": 64 },
      "rotated": false,
      "trimmed": false,
      "spriteSourceSize": { "x": 0, "y": 0, "w": 93, "h": 64 },
      "sourceSize": { "w": 93, "h": 64 }
    },
    {
      "filename": "Run (9).png",
      "frame": { "x": 1674, "y": 64, "w": 93, "h": 64 },
      "rotated": false,
      "trimmed": false,
      "spriteSourceSize": { "x": 0, "y": 0, "w": 93, "h": 64 },
      "sourceSize": { "w": 93, "h": 64 }
    },
    {
      "filename": "Run (10).png",
      "frame": { "x": 1767, "y": 64, "w": 93, "h": 64 },
      "rotated": false,
      "trimmed": false,
      "spriteSourceSize": { "x": 0, "y": 0, "w": 93, "h": 64 },
      "sourceSize": { "w": 93, "h": 64 }
    },
    {
      "filename": "Run (11).png",
      "frame": { "x": 1860, "y": 64, "w": 93, "h": 64 },
      "rotated": false,
      "trimmed": false,
      "spriteSourceSize": { "x": 0, "y": 0, "w": 93, "h": 64 },
      "sourceSize": { "w": 93, "h": 64 }
    }
  ],
  "meta": {
    "app": "https://www.codeandweb.com/texturepacker",
    "version": "1.0",
    "image": "santa.png",
    "format": "RGBA8888",
    "size": { "w": 2046, "h": 128 },
    "scale": "0.1",
    "smartupdate": "$TexturePacker:SmartUpdate:25955e2694f80d517b5c96ecb61ef5f6:27e1024ba216d0c8600e14ad8494e793:3095c57fbbd330068b206a9f43d27330$"
  }
}
